{
  "drivers": [
    {
      "First Name": "Lewis",
      "Last Name": "Hamilton",
      "Nationality": "United Kingdom",
      "F1 Team": "Mercedez Benz",
      "Salary": "40,000,000",
      "Podiums": "165",
      "Race Wins": "95",
      "Pole Position": "98"
    }
  ]
}
{
    "drivers": [
    {
      "First Name": "Max",
      "Last Name": "Verstappen",
      "Nationality": "Netherlands",
      "F1 Team": "Red Bull Racing",
      "Salary": "10,000,000",
      "Podiums": "42",
      "Race Wins": "10",
      "Pole Position": "3",    
    }
  ]
}